patient_sk,doctor_sk,clinic_sk,date_sk,wait_minutes,consultation_minutes,fee_lkr
201,15,5,20250425,3,28,3500.0
11,19,1,20250310,2,16,2500.0
97,20,5,20250819,13,29,4500.0
255,4,4,20250609,2,10,3000.0
70,15,5,20250820,40,30,3500.0
161,18,3,20250429,44,10,5000.0
27,15,5,20251018,27,15,3500.0
14,5,5,20251011,55,33,4000.0
144,1,3,20250304,21,15,2500.0
265,14,4,20250624,74,22,4500.0
251,17,2,20250804,40,10,4000.0
130,18,3,20251017,3,22,5000.0
250,20,5,20251031,76,34,4500.0
100,15,5,20251125,10,18,3500.0
132,2,2,20250704,5,15,4500.0
238,3,3,20250426,30,13,3500.0
152,5,5,20250609,31,13,4000.0
116,17,2,20250721,104,26,4000.0
143,6,1,20250804,5,14,5000.0
13,19,1,20251027,39,31,2500.0
264,16,1,20250313,5,9,3000.0
181,13,5,20250131,46,26,2500.0
206,5,5,20250411,3,14,4000.0
52,10,2,20250719,2,29,3000.0
212,19,4,20250704,150,27,2500.0
285,15,5,20250115,67,10,3500.0
4,17,2,20250616,20,18,4000.0
132,2,2,20250619,3,25,4500.0
49,5,5,20250807,51,16,4000.0
153,10,2,20251106,3,15,3000.0
10,5,5,20250813,4,26,4000.0
50,18,3,20250520,18,25,5000.0
74,13,3,20250121,25,17,2500.0
202,3,3,20251021,6,17,3500.0
165,16,3,20250626,24,16,3000.0
86,9,4,20250711,36,28,3500.0
179,19,1,20250603,33,20,2500.0
38,15,5,20250130,34,27,3500.0
240,16,1,20250311,8,34,3000.0
132,19,1,20250129,42,26,2500.0
91,14,4,20251113,154,26,4500.0
164,17,2,20250807,132,34,4000.0
204,1,3,20250731,180,24,2500.0
55,5,5,20250611,7,24,4000.0
297,10,5,20251119,41,28,3000.0
12,17,2,20251220,43,8,4000.0
149,19,4,20250927,24,35,2500.0
277,6,1,20250717,58,16,5000.0
78,17,2,20250606,86,15,4000.0
119,18,3,20251206,37,8,5000.0
143,2,2,20250108,3,14,4500.0
13,1,3,20250212,39,34,2500.0
89,18,3,20250214,14,15,5000.0
289,13,5,20250204,127,23,2500.0
251,6,1,20250306,86,10,5000.0
273,4,4,20251024,33,21,3000.0
297,10,2,20250802,5,25,3000.0
221,19,4,20251029,11,9,2500.0
246,16,1,20251217,27,24,3000.0
198,11,1,20250609,147,30,4000.0
138,11,1,20250219,38,27,4000.0
126,5,5,20250529,18,13,4000.0
91,8,3,20250520,5,8,4500.0
278,15,5,20250603,46,24,3500.0
47,20,5,20251027,27,33,4500.0
203,1,3,20250225,23,17,2500.0
114,8,3,20250325,46,29,4500.0
240,19,4,20251105,21,25,2500.0
75,10,2,20251224,0,35,3000.0
155,6,1,20250430,25,27,5000.0
50,11,1,20250627,38,34,4000.0
293,8,3,20251015,107,21,4500.0
254,6,1,20250116,14,28,5000.0
295,16,1,20251001,28,34,3000.0
226,9,4,20251027,21,22,3500.0
135,13,5,20250704,11,12,2500.0
14,13,5,20250718,7,16,2500.0
187,19,1,20251117,73,16,2500.0
116,11,1,20251128,25,27,4000.0
9,18,3,20250415,28,33,5000.0
122,18,3,20250626,40,13,5000.0
29,20,5,20250315,20,10,4500.0
260,7,2,20250425,28,17,2500.0
43,9,4,20250726,13,20,3500.0
221,9,4,20251231,27,32,3500.0
211,11,1,20250213,53,16,4000.0
27,3,3,20250401,46,25,3500.0
136,6,1,20250702,66,13,5000.0
128,12,2,20250725,4,17,5000.0
105,9,4,20250521,6,27,3500.0
223,13,5,20250610,16,15,2500.0
169,11,1,20250320,20,14,4000.0
165,4,4,20250614,36,12,3000.0
182,2,2,20250607,104,24,4500.0
22,19,4,20250702,54,18,2500.0
285,6,1,20250211,70,16,5000.0
230,11,1,20251024,168,8,4000.0
152,18,3,20250523,6,32,5000.0
19,4,4,20250120,71,9,3000.0
236,20,5,20250616,99,15,4500.0
256,5,5,20250527,10,15,4000.0
177,3,3,20251206,5,20,3500.0
91,18,3,20251104,14,21,5000.0
232,10,2,20250728,23,17,3000.0
220,3,3,20250418,83,8,3500.0
182,2,2,20250321,27,19,4500.0
19,7,2,20250521,45,19,2500.0
144,11,1,20250318,27,16,4000.0
239,8,3,20251125,7,27,4500.0
252,9,4,20250203,21,33,3500.0
46,16,1,20251126,27,26,3000.0
41,11,1,20250113,34,15,4000.0
103,10,5,20250704,32,13,3000.0
146,15,5,20250407,66,17,3500.0
1,18,3,20250104,41,13,5000.0
97,15,5,20251104,16,14,3500.0
34,3,3,20250814,1,28,3500.0
54,1,1,20250421,5,35,2500.0
217,14,4,20251103,74,13,4500.0
297,15,5,20250908,17,11,3500.0
250,12,2,20251018,8,29,5000.0
20,2,2,20251128,13,34,4500.0
66,10,5,20250801,44,13,3000.0
175,20,5,20250805,18,29,4500.0
214,12,2,20250611,44,35,5000.0
136,5,5,20250510,127,15,4000.0
90,16,1,20250121,2,25,3000.0
255,7,2,20250301,20,28,2500.0
229,4,4,20250917,13,29,3000.0
270,14,4,20250919,15,29,4500.0
261,18,3,20250723,180,34,5000.0
291,15,5,20250205,2,24,3500.0
12,13,5,20251007,48,30,2500.0
243,12,2,20250225,31,27,5000.0
24,17,2,20250303,16,28,4000.0
83,14,4,20250705,88,19,4500.0
49,5,5,20250128,2,27,4000.0
115,6,1,20250507,81,26,5000.0
74,1,3,20251003,26,10,2500.0
256,9,4,20250711,7,23,3500.0
31,8,3,20250428,3,33,4500.0
95,9,4,20250508,10,19,3500.0
10,9,4,20250722,40,30,3500.0
20,5,5,20250113,10,30,4000.0
169,11,1,20250910,2,28,4000.0
298,13,5,20251205,13,24,2500.0
161,8,3,20250624,50,14,4500.0
223,8,3,20251002,25,35,4500.0
151,10,5,20250415,4,8,3000.0
141,1,3,20250701,10,32,2500.0
10,14,4,20250523,22,33,4500.0
279,18,3,20251017,128,32,5000.0
163,6,1,20251128,25,12,5000.0
192,14,4,20250509,6,26,4500.0
20,8,3,20250623,6,26,4500.0
154,13,5,20250506,0,21,2500.0
9,1,1,20251018,27,33,2500.0
181,7,2,20250730,18,24,2500.0
143,12,2,20250108,33,32,5000.0
59,1,1,20250516,8,16,2500.0
31,7,2,20251230,60,9,2500.0
256,13,3,20250212,21,30,2500.0
142,16,1,20250728,3,29,3000.0
102,3,3,20251202,15,30,3500.0
270,6,1,20250106,41,9,5000.0
136,18,3,20250623,30,9,5000.0
24,15,5,20250807,2,32,3500.0
213,1,1,20251219,5,14,2500.0
7,2,2,20251002,23,11,4500.0
118,7,4,20250102,74,12,2500.0
227,9,4,20251017,52,20,3500.0
18,18,3,20250605,42,30,5000.0
161,12,2,20250310,12,26,5000.0
88,3,3,20250221,29,18,3500.0
20,7,2,20250904,32,29,2500.0
280,12,2,20251124,32,14,5000.0
56,5,5,20250820,0,17,4000.0
221,10,2,20250927,26,12,3000.0
198,17,2,20250412,5,29,4000.0
90,9,4,20250605,69,30,3500.0
219,5,5,20250708,16,10,4000.0
290,19,1,20250714,85,35,2500.0
210,10,2,20250729,1,32,3000.0
270,7,4,20250529,40,13,2500.0
225,16,3,20250911,160,29,3000.0
135,1,3,20250722,36,34,2500.0
108,7,2,20250614,32,31,2500.0
49,9,4,20250827,24,9,3500.0
59,20,5,20251010,0,26,4500.0
93,7,4,20250522,86,28,2500.0
203,20,5,20251224,53,34,4500.0
73,3,3,20250226,120,31,3500.0
13,1,1,20250809,8,35,2500.0
199,15,5,20250401,36,28,3500.0
196,14,4,20250922,14,13,4500.0
159,3,3,20250421,180,25,3500.0
104,16,3,20250411,79,18,3000.0
206,17,2,20250616,14,21,4000.0
221,4,1,20250826,10,12,3000.0
43,3,3,20251227,66,9,3500.0
236,18,3,20250128,39,24,5000.0
253,11,1,20250616,20,18,4000.0
267,10,5,20250904,16,12,3000.0
117,4,1,20250203,44,18,3000.0
42,17,2,20250703,10,10,4000.0
158,9,4,20250125,17,20,3500.0
64,1,3,20250813,36,18,2500.0
110,5,5,20250821,84,18,4000.0
118,5,5,20250901,156,16,4000.0
213,19,4,20250221,69,22,2500.0
171,1,1,20250609,2,9,2500.0
79,10,2,20250908,55,15,3000.0
12,17,2,20250205,102,35,4000.0
64,1,3,20250122,20,19,2500.0
286,10,5,20250428,29,30,3000.0
268,20,5,20251027,110,16,4500.0
276,9,4,20250424,2,9,3500.0
199,8,3,20250718,45,28,4500.0
224,15,5,20250513,6,32,3500.0
89,7,2,20251101,65,18,2500.0
82,20,5,20251201,0,33,4500.0
95,5,5,20250627,1,17,4000.0
79,10,2,20251002,53,12,3000.0
13,12,2,20250826,29,15,5000.0
170,15,5,20250324,19,11,3500.0
210,1,1,20250806,86,33,2500.0
7,3,3,20250805,10,25,3500.0
187,4,4,20250818,23,22,3000.0
171,6,1,20250915,8,25,5000.0
123,12,2,20250226,2,30,5000.0
25,1,3,20251206,40,29,2500.0
117,15,5,20250327,22,18,3500.0
11,4,1,20250217,63,21,3000.0
20,9,4,20250924,60,13,3500.0
219,17,2,20250324,19,14,4000.0
199,1,3,20250317,92,25,2500.0
22,20,5,20251106,165,27,4500.0
42,20,5,20250612,13,25,4500.0
24,17,2,20250311,29,13,4000.0
258,5,5,20250428,70,30,4000.0
112,15,5,20250429,21,29,3500.0
291,1,3,20250826,26,20,2500.0
224,20,5,20250721,22,19,4500.0
57,5,5,20250509,17,18,4000.0
292,6,1,20250707,58,9,5000.0
294,5,5,20250711,27,22,4000.0
265,12,2,20250101,3,35,5000.0
5,7,4,20250211,28,24,2500.0
199,13,5,20250923,115,32,2500.0
115,13,3,20250605,15,34,2500.0
130,14,4,20250625,16,14,4500.0
175,11,1,20251022,23,15,4000.0
101,7,4,20250130,18,33,2500.0
130,1,3,20250625,39,8,2500.0
73,5,5,20250506,41,16,4000.0
82,9,4,20250617,173,29,3500.0
11,15,5,20251203,43,22,3500.0
197,7,2,20250101,60,24,2500.0
205,18,3,20250602,2,15,5000.0
55,17,2,20250819,14,21,4000.0
98,5,5,20250506,14,21,4000.0
274,2,2,20250530,1,15,4500.0
223,3,3,20251121,20,31,3500.0
49,15,5,20250614,2,24,3500.0
80,13,3,20251118,18,14,2500.0
119,2,2,20250402,20,13,4500.0
48,4,1,20250923,30,24,3000.0
271,13,3,20251024,45,16,2500.0
140,14,4,20250716,40,9,4500.0
219,11,1,20250916,143,35,4000.0
64,4,1,20250307,53,23,3000.0
261,20,5,20251103,16,10,4500.0
51,13,3,20250205,24,17,2500.0
105,10,2,20250604,5,23,3000.0
277,14,4,20251117,12,25,4500.0
44,5,5,20250818,8,27,4000.0
89,1,1,20251205,21,20,2500.0
189,13,3,20251030,57,27,2500.0
259,20,5,20251014,18,22,4500.0
228,13,5,20251002,16,12,2500.0
7,9,4,20251025,60,35,3500.0
182,15,5,20250520,4,33,3500.0
175,14,4,20250114,67,19,4500.0
8,8,3,20251025,28,11,4500.0
172,12,2,20250527,4,18,5000.0
73,20,5,20250227,0,21,4500.0
32,20,5,20251020,10,29,4500.0
170,6,1,20250419,28,17,5000.0
215,13,3,20250623,12,32,2500.0
206,9,4,20250415,18,28,3500.0
125,13,5,20250405,7,26,2500.0
5,17,2,20251126,16,12,4000.0
186,9,4,20251224,12,17,3500.0
238,12,2,20251023,55,24,5000.0
134,1,1,20250507,43,14,2500.0
168,2,2,20250313,180,9,4500.0
100,18,3,20250113,42,29,5000.0
163,12,2,20251029,32,26,5000.0
25,6,1,20250714,3,26,5000.0
74,2,2,20250616,154,19,4500.0
109,12,2,20250317,8,30,5000.0
172,5,5,20250402,16,29,4000.0
5,15,5,20250109,36,8,3500.0
22,14,4,20251220,3,18,4500.0
107,18,3,20250320,55,26,5000.0
289,20,5,20250218,7,15,4500.0
102,11,1,20250228,1,27,4000.0
92,4,4,20250416,7,9,3000.0
106,2,2,20250321,55,26,4500.0
232,4,1,20250813,36,28,3000.0
158,18,3,20251230,51,17,5000.0
37,11,1,20250611,19,24,4000.0
201,2,2,20250322,50,30,4500.0
273,15,5,20250422,12,30,3500.0
274,20,5,20250731,27,23,4500.0
204,9,4,20251126,1,19,3500.0
129,10,5,20250110,17,25,3000.0
215,9,4,20250819,47,16,3500.0
9,9,4,20250412,22,30,3500.0
158,7,2,20250408,180,10,2500.0
134,3,3,20250621,43,23,3500.0
244,20,5,20250422,42,31,4500.0
159,9,4,20251205,28,16,3500.0
96,1,1,20250717,17,27,2500.0
228,18,3,20250313,39,11,5000.0
49,15,5,20250523,25,12,3500.0
259,3,3,20251030,12,14,3500.0
285,6,1,20250122,22,26,5000.0
120,17,2,20250421,19,22,4000.0
281,6,1,20250809,82,33,5000.0
191,9,4,20250326,10,14,3500.0
74,20,5,20250610,100,19,4500.0
97,8,3,20251022,38,20,4500.0
106,11,1,20251212,10,13,4000.0
181,18,3,20251206,41,27,5000.0
147,17,2,20250301,3,24,4000.0
167,19,4,20250724,12,25,2500.0
253,20,5,20250930,2,8,4500.0
114,6,1,20251011,0,31,5000.0
291,6,1,20250605,77,14,5000.0
178,14,4,20250117,8,30,4500.0
97,20,5,20250916,12,22,4500.0
35,18,3,20250820,7,12,5000.0
265,15,5,20251009,33,23,3500.0
6,20,5,20250830,21,28,4500.0
131,19,4,20250517,47,9,2500.0
64,10,2,20250701,103,13,3000.0
263,8,3,20250901,49,31,4500.0
68,1,1,20250520,106,33,2500.0
18,20,5,20250717,80,35,4500.0
270,18,3,20250122,3,31,5000.0
217,7,4,20250715,40,27,2500.0
287,3,3,20250519,20,19,3500.0
70,5,5,20251218,1,11,4000.0
207,2,2,20251022,49,8,4500.0
138,3,3,20250719,4,24,3500.0
6,5,5,20250319,89,29,4000.0
79,19,1,20250711,24,35,2500.0
96,8,3,20251017,25,20,4500.0
170,1,1,20250926,104,18,2500.0
158,12,2,20250901,40,11,5000.0
13,13,3,20250403,40,21,2500.0
106,12,2,20250825,5,28,5000.0
11,4,4,20251015,8,10,3000.0
298,10,2,20250903,11,25,3000.0
202,17,2,20250212,10,24,4000.0
223,15,5,20250823,29,21,3500.0
282,20,5,20250513,26,26,4500.0
48,1,1,20250623,10,17,2500.0
140,18,3,20250312,23,16,5000.0
267,4,1,20250827,17,33,3000.0
91,19,4,20251217,7,24,2500.0
75,10,2,20250818,13,25,3000.0
71,11,1,20250612,3,20,4000.0
289,7,2,20250610,68,29,2500.0
213,12,2,20250703,5,30,5000.0
165,15,5,20250607,0,24,3500.0
125,6,1,20250516,55,8,5000.0
297,19,4,20250724,24,11,2500.0
252,19,4,20250821,6,31,2500.0
159,8,3,20250507,6,13,4500.0
221,4,4,20250314,15,23,3000.0
218,11,1,20250708,13,12,4000.0
18,18,3,20251114,56,34,5000.0
168,20,5,20251201,7,8,4500.0
285,14,4,20250214,15,13,4500.0
68,8,3,20250703,13,33,4500.0
53,12,2,20250930,58,21,5000.0
151,1,3,20250115,72,15,2500.0
52,16,3,20250307,2,34,3000.0
170,9,4,20251225,26,30,3500.0
238,15,5,20250909,5,19,3500.0
77,14,4,20251224,59,18,4500.0
35,14,4,20250416,47,22,4500.0
207,1,3,20250403,4,12,2500.0
256,3,3,20250526,30,15,3500.0
233,8,3,20251117,0,32,4500.0
54,2,2,20250602,37,12,4500.0
241,1,1,20250304,30,8,2500.0
175,20,5,20250825,13,31,4500.0
89,12,2,20250423,137,29,5000.0
263,18,3,20250603,85,12,5000.0
82,19,1,20250927,62,13,2500.0
147,15,5,20250906,52,19,3500.0
62,10,5,20250515,10,32,3000.0
86,11,1,20251128,26,31,4000.0
77,14,4,20251030,28,20,4500.0
16,1,1,20250308,89,35,2500.0
260,11,1,20250201,18,12,4000.0
181,11,1,20250206,35,18,4000.0
171,11,1,20250418,46,29,4000.0
42,12,2,20250614,6,25,5000.0
217,1,3,20250816,79,17,2500.0
17,16,3,20251103,6,12,3000.0
193,9,4,20250510,51,31,3500.0
60,5,5,20250401,8,13,4000.0
66,10,2,20250723,0,14,3000.0
95,8,3,20250121,21,9,4500.0
110,14,4,20250815,30,33,4500.0
63,5,5,20250705,1,12,4000.0
173,13,5,20250818,25,21,2500.0
280,19,4,20250515,103,21,2500.0
171,19,1,20251120,62,12,2500.0
250,2,2,20250807,2,35,4500.0
172,1,1,20250308,131,19,2500.0
286,16,3,20251118,9,16,3000.0
17,10,5,20250906,7,23,3000.0
27,14,4,20250505,11,8,4500.0
126,20,5,20250826,2,32,4500.0
148,13,5,20250219,9,33,2500.0
99,13,3,20250327,6,19,2500.0
165,13,3,20250227,32,8,2500.0
178,7,2,20250816,23,28,2500.0
124,2,2,20250303,5,23,4500.0
198,1,3,20250130,11,8,2500.0
163,18,3,20250207,37,30,5000.0
236,2,2,20250423,27,16,4500.0
102,13,5,20251006,180,29,2500.0
251,18,3,20250214,42,27,5000.0
225,10,5,20251121,10,26,3000.0
189,19,4,20251204,3,21,2500.0
198,13,5,20250128,50,28,2500.0
190,15,5,20250225,36,28,3500.0
106,18,3,20250929,1,20,5000.0
37,19,1,20250106,15,27,2500.0
173,7,4,20251212,12,34,2500.0
203,14,4,20251229,34,17,4500.0
142,7,2,20250604,78,24,2500.0
44,19,1,20250405,19,16,2500.0
71,2,2,20250708,13,9,4500.0
165,16,1,20250827,8,31,3000.0
197,18,3,20251018,21,16,5000.0
205,19,4,20250308,68,12,2500.0
182,6,1,20250930,0,22,5000.0
232,1,3,20250503,0,11,2500.0
139,5,5,20250113,8,23,4000.0
230,18,3,20250822,4,23,5000.0
298,10,2,20250304,28,33,3000.0
12,9,4,20250418,161,33,3500.0
273,1,3,20251203,26,35,2500.0
7,6,1,20250910,68,24,5000.0
168,14,4,20250512,24,24,4500.0
183,19,4,20250911,13,30,2500.0
199,14,4,20251004,9,15,4500.0
54,20,5,20250523,17,21,4500.0
199,19,1,20250524,14,29,2500.0
128,17,2,20250425,137,17,4000.0
152,13,3,20250201,9,27,2500.0
264,19,1,20251126,75,13,2500.0
249,5,5,20250428,48,27,4000.0
11,10,2,20251118,19,21,3000.0
226,8,3,20251030,0,24,4500.0
296,2,2,20250616,24,16,4500.0
260,3,3,20250728,15,22,3500.0
35,11,1,20251011,25,10,4000.0
235,2,2,20251013,14,26,4500.0
292,15,5,20250515,105,18,3500.0
130,7,4,20251208,7,20,2500.0
48,16,3,20250520,61,29,3000.0
175,2,2,20250819,46,33,4500.0
37,8,3,20250508,2,29,4500.0
70,18,3,20250319,0,35,5000.0
81,13,3,20250524,6,29,2500.0
169,18,3,20251023,17,26,5000.0
116,6,1,20251121,2,10,5000.0
256,18,3,20250224,67,28,5000.0
250,9,4,20251231,9,25,3500.0
153,9,4,20250123,34,34,3500.0
14,13,5,20251212,41,23,2500.0
18,6,1,20250304,2,17,5000.0
70,8,3,20250917,78,14,4500.0
154,20,5,20250317,50,24,4500.0
86,6,1,20250906,11,8,5000.0
146,13,5,20250625,1,12,2500.0
273,16,1,20250812,10,19,3000.0
193,16,3,20251015,48,21,3000.0
55,8,3,20250823,14,18,4500.0
49,8,3,20250103,6,13,4500.0
165,4,1,20250426,55,19,3000.0
48,4,1,20251218,11,15,3000.0
150,10,5,20250402,16,11,3000.0
94,9,4,20250125,28,31,3500.0
54,7,2,20250919,28,31,2500.0
31,2,2,20250522,50,29,4500.0
97,8,3,20250307,20,35,4500.0
278,14,4,20250815,34,12,4500.0
227,9,4,20250517,58,19,3500.0
101,12,2,20250225,34,20,5000.0
51,6,1,20250125,124,20,5000.0
238,7,4,20250719,63,17,2500.0
221,16,3,20250225,29,32,3000.0
184,17,2,20250807,27,33,4000.0
30,13,5,20250531,1,30,2500.0
17,10,5,20250911,108,28,3000.0
2,6,1,20251213,30,27,5000.0
61,9,4,20250702,34,12,3500.0
273,7,4,20250731,17,12,2500.0
158,14,4,20250401,24,24,4500.0
219,14,4,20251118,4,33,4500.0
102,19,4,20250423,7,8,2500.0
218,6,1,20250521,34,25,5000.0
28,17,2,20250703,1,15,4000.0
236,1,3,20250802,14,23,2500.0
165,9,4,20250227,1,13,3500.0
28,9,4,20251105,19,20,3500.0
261,11,1,20251029,10,27,4000.0
147,14,4,20250102,84,31,4500.0
104,15,5,20250710,31,23,3500.0
29,11,1,20250213,38,34,4000.0
273,19,1,20251215,34,25,2500.0
152,12,2,20250110,41,14,5000.0
40,8,3,20251107,1,20,4500.0
278,19,4,20251204,33,27,2500.0
110,1,3,20250125,21,31,2500.0
54,1,3,20250603,23,8,2500.0
118,5,5,20251114,27,25,4000.0
114,13,5,20250618,36,24,2500.0
274,11,1,20250722,6,20,4000.0
133,6,1,20250411,14,9,5000.0
88,7,2,20250913,42,32,2500.0
72,15,5,20250531,120,31,3500.0
245,15,5,20250421,0,34,3500.0
160,20,5,20251208,20,19,4500.0
169,3,3,20250322,76,13,3500.0
28,14,4,20251025,1,24,4500.0
249,19,4,20250823,52,15,2500.0
125,8,3,20250829,4,33,4500.0
164,18,3,20250721,59,16,5000.0
123,8,3,20250718,37,29,4500.0
74,5,5,20250102,71,17,4000.0
179,8,3,20250818,76,21,4500.0
160,14,4,20250405,11,29,4500.0
295,4,1,20250122,50,17,3000.0
28,19,4,20250607,36,30,2500.0
174,20,5,20250401,1,14,4500.0
117,4,1,20250620,46,20,3000.0
234,2,2,20251031,105,14,4500.0
277,14,4,20250821,32,27,4500.0
39,11,1,20250906,29,28,4000.0
189,4,4,20251208,46,18,3000.0
120,3,3,20250217,27,27,3500.0
110,9,4,20250704,28,32,3500.0
111,9,4,20250412,86,28,3500.0
89,8,3,20250603,20,18,4500.0
221,16,1,20250313,30,14,3000.0
97,2,2,20251230,24,14,4500.0
191,7,2,20250108,20,32,2500.0
258,20,5,20250821,57,35,4500.0
174,2,2,20250520,20,16,4500.0
88,6,1,20250721,33,30,5000.0
248,14,4,20250514,11,23,4500.0
267,4,1,20250523,106,20,3000.0
17,16,1,20251111,45,27,3000.0
21,18,3,20250424,72,28,5000.0
46,16,3,20250419,80,13,3000.0
182,18,3,20250124,16,21,5000.0
178,14,4,20250616,2,27,4500.0
36,15,5,20251111,11,21,3500.0
113,20,5,20250610,6,20,4500.0
58,5,5,20250503,1,32,4000.0
128,13,5,20250322,48,25,2500.0
72,5,5,20250614,16,35,4000.0
51,11,1,20250516,91,24,4000.0
23,1,1,20250304,8,9,2500.0
125,20,5,20250923,32,33,4500.0
294,11,1,20250214,36,17,4000.0
249,5,5,20250324,71,27,4000.0
297,4,1,20250909,68,32,3000.0
62,4,1,20250627,31,14,3000.0
229,10,5,20251229,52,16,3000.0
182,18,3,20250307,80,16,5000.0
181,13,3,20250712,57,8,2500.0
277,12,2,20251104,54,17,5000.0
253,13,5,20251027,28,24,2500.0
118,1,3,20251022,5,25,2500.0
290,6,1,20250222,0,11,5000.0
243,1,3,20251211,64,14,2500.0
164,11,1,20250607,10,24,4000.0
284,3,3,20250618,66,26,3500.0
255,16,3,20250219,3,17,3000.0
297,16,3,20250915,68,10,3000.0
226,5,5,20250409,24,19,4000.0
252,9,4,20250809,6,27,3500.0
22,6,1,20250722,18,11,5000.0
10,20,5,20250708,34,21,4500.0
245,7,4,20251219,18,19,2500.0
85,14,4,20250528,4,19,4500.0
112,13,5,20251001,74,8,2500.0
103,4,1,20250123,9,10,3000.0
93,13,5,20250509,6,34,2500.0
62,16,3,20251117,86,19,3000.0
262,12,2,20250627,1,35,5000.0
67,14,4,20250809,64,14,4500.0
286,10,5,20250225,63,26,3000.0
185,11,1,20251009,14,11,4000.0
97,19,1,20251212,13,20,2500.0
259,20,5,20250612,17,21,4500.0
178,18,3,20250724,34,15,5000.0
119,7,4,20250123,13,9,2500.0
244,19,4,20251226,30,28,2500.0
59,2,2,20250904,16,12,4500.0
191,20,5,20251215,31,31,4500.0
207,5,5,20251103,33,18,4000.0
198,6,1,20251010,2,26,5000.0
130,9,4,20250101,4,15,3500.0
52,3,3,20250212,10,28,3500.0
240,16,1,20250426,12,33,3000.0
151,10,5,20251231,17,14,3000.0
86,18,3,20250515,19,17,5000.0
249,8,3,20250808,9,13,4500.0
51,9,4,20250222,1,34,3500.0
48,10,2,20250123,53,30,3000.0
10,11,1,20250808,10,9,4000.0
121,6,1,20251114,24,23,5000.0
299,11,1,20251106,42,20,4000.0
249,7,2,20250828,61,29,2500.0
10,5,5,20250402,40,20,4000.0
68,2,2,20250222,28,32,4500.0
93,17,2,20250527,18,21,4000.0
122,5,5,20250503,4,21,4000.0
21,8,3,20251203,80,29,4500.0
122,18,3,20250404,39,16,5000.0
149,9,4,20250828,43,21,3500.0
130,3,3,20251107,22,9,3500.0
4,12,2,20251110,1,23,5000.0
128,1,3,20250311,24,9,2500.0
50,2,2,20250118,17,20,4500.0
103,16,1,20251230,90,25,3000.0
153,16,1,20250829,7,11,3000.0
90,10,2,20251126,11,30,3000.0
292,2,2,20251009,0,14,4500.0
191,18,3,20250415,99,29,5000.0
90,16,3,20251121,45,24,3000.0
295,15,5,20251119,28,11,3500.0
9,9,4,20250520,32,15,3500.0
96,19,4,20250103,32,35,2500.0
5,15,5,20250103,26,28,3500.0
179,14,4,20250124,43,20,4500.0
174,19,1,20250522,5,26,2500.0
20,5,5,20250326,180,33,4000.0
283,1,3,20250708,15,27,2500.0
138,14,4,20250923,4,16,4500.0
119,1,1,20250414,73,32,2500.0
66,10,2,20250306,48,30,3000.0
185,5,5,20250911,16,33,4000.0
155,17,2,20250108,7,15,4000.0
255,16,3,20250204,96,19,3000.0
178,13,3,20250728,41,29,2500.0
266,10,5,20251101,46,13,3000.0
63,5,5,20250319,28,25,4000.0
264,16,3,20250307,18,19,3000.0
55,9,4,20250117,7,26,3500.0
228,20,5,20250429,76,23,4500.0
141,8,3,20250412,5,22,4500.0
127,20,5,20250724,30,31,4500.0
33,4,1,20250118,46,30,3000.0
149,4,4,20250208,13,17,3000.0
137,20,5,20250324,8,25,4500.0
218,12,2,20250502,1,27,5000.0
61,15,5,20250620,59,16,3500.0
50,11,1,20251021,3,19,4000.0
200,11,1,20250623,19,9,4000.0
3,20,5,20250303,13,25,4500.0
295,4,1,20250222,2,12,3000.0
35,20,5,20251013,12,22,4500.0
1,1,3,20250811,34,32,2500.0
258,3,3,20251229,109,15,3500.0
218,20,5,20250916,0,34,4500.0
31,18,3,20250502,32,17,5000.0
153,4,4,20251023,180,16,3000.0
103,13,3,20250918,57,12,2500.0
266,3,3,20250805,82,27,3500.0
290,6,1,20250301,34,30,5000.0
123,13,3,20250208,33,12,2500.0
47,6,1,20250704,8,21,5000.0
196,3,3,20250731,33,27,3500.0
277,11,1,20250513,1,11,4000.0
37,17,2,20251002,9,32,4000.0
1,11,1,20250110,8,19,4000.0
165,16,3,20251017,8,26,3000.0
169,8,3,20250221,79,32,4500.0
146,1,1,20250802,5,27,2500.0
263,15,5,20250627,56,14,3500.0
67,20,5,20250709,2,26,4500.0
221,16,3,20251120,95,23,3000.0
92,9,4,20250616,131,19,3500.0
85,7,2,20250822,16,15,2500.0
295,10,2,20250113,52,34,3000.0
207,3,3,20250829,21,8,3500.0
84,17,2,20250124,102,18,4000.0
56,9,4,20250527,27,28,3500.0
66,4,4,20251211,117,15,3000.0
19,10,5,20250422,11,12,3000.0
29,14,4,20250522,10,11,4500.0
190,18,3,20250920,18,21,5000.0
40,20,5,20250308,17,22,4500.0
220,11,1,20251119,8,27,4000.0
38,18,3,20250804,115,25,5000.0
207,20,5,20251007,72,22,4500.0
25,1,3,20250731,3,27,2500.0
287,18,3,20250616,17,11,5000.0
203,17,2,20250522,55,8,4000.0
157,10,5,20250904,15,27,3000.0
222,7,2,20250514,24,24,2500.0
181,19,1,20250512,91,17,2500.0
297,10,5,20251124,22,11,3000.0
184,11,1,20250726,3,20,4000.0
70,9,4,20250708,1,12,3500.0
198,13,3,20250402,0,21,2500.0
70,1,1,20250312,40,17,2500.0
5,14,4,20250318,37,28,4500.0
248,19,1,20250301,29,21,2500.0
121,2,2,20251031,82,13,4500.0
127,9,4,20250109,31,31,3500.0
245,15,5,20250814,20,28,3500.0
285,17,2,20250717,141,15,4000.0
2,8,3,20250528,2,18,4500.0
270,6,1,20250703,13,20,5000.0
214,12,2,20250626,12,33,5000.0
261,20,5,20250426,35,25,4500.0
231,17,2,20251014,108,19,4000.0
122,1,1,20251222,24,33,2500.0
34,7,2,20250102,39,34,2500.0
72,7,4,20251014,27,14,2500.0
238,15,5,20250930,10,20,3500.0
221,1,1,20250218,56,28,2500.0
187,13,5,20251028,33,11,2500.0
300,18,3,20250610,36,12,5000.0
262,1,3,20250526,41,32,2500.0
92,4,4,20250224,23,17,3000.0
283,8,3,20250731,85,33,4500.0
205,17,2,20251110,11,17,4000.0
293,2,2,20251016,22,20,4500.0
224,3,3,20251208,76,35,3500.0
49,11,1,20251015,35,16,4000.0
196,17,2,20250714,45,10,4000.0
176,20,5,20250313,28,23,4500.0
174,13,3,20251231,29,22,2500.0
252,8,3,20250419,40,15,4500.0
87,12,2,20250807,70,22,5000.0
284,9,4,20250925,16,27,3500.0
151,19,4,20250812,15,14,2500.0
82,2,2,20250128,14,23,4500.0
163,8,3,20250120,12,20,4500.0
294,17,2,20251206,64,30,4000.0
267,9,4,20250820,14,28,3500.0
52,10,2,20250306,31,22,3000.0
255,10,2,20250520,1,13,3000.0
57,20,5,20250303,55,13,4500.0
6,19,1,20250908,9,35,2500.0
96,9,4,20250718,5,23,3500.0
232,7,4,20250825,3,35,2500.0
63,18,3,20250122,13,10,5000.0
171,14,4,20250616,43,14,4500.0
283,14,4,20251128,131,25,4500.0
224,5,5,20250709,7,23,4000.0
102,6,1,20250125,7,15,5000.0
145,13,3,20250125,20,20,2500.0
113,7,4,20251107,156,34,2500.0
179,15,5,20251227,10,12,3500.0
36,18,3,20250916,13,13,5000.0
255,19,1,20250523,2,29,2500.0
169,11,1,20250304,25,18,4000.0
232,4,1,20250517,11,31,3000.0
278,12,2,20250228,9,31,5000.0
96,8,3,20251213,167,8,4500.0
60,17,2,20250508,6,28,4000.0
8,14,4,20250805,1,32,4500.0
207,2,2,20250725,2,15,4500.0
122,19,4,20250614,49,28,2500.0
37,2,2,20250609,1,28,4500.0
16,1,3,20250619,18,31,2500.0
75,1,3,20250308,30,27,2500.0
203,6,1,20250710,29,26,5000.0
145,9,4,20250918,9,8,3500.0
182,1,3,20250422,7,12,2500.0
271,16,3,20250327,19,9,3000.0
57,19,4,20250331,12,29,2500.0
142,4,1,20251201,16,24,3000.0
44,13,5,20250820,31,22,2500.0
296,2,2,20250306,2,10,4500.0
118,1,1,20250812,18,30,2500.0
86,2,2,20250611,9,34,4500.0
183,6,1,20251114,57,26,5000.0
211,1,1,20250911,4,17,2500.0
137,13,3,20251203,7,10,2500.0
202,14,4,20250829,15,13,4500.0
110,6,1,20251112,18,27,5000.0
1,9,4,20250825,0,8,3500.0
118,2,2,20250210,159,25,4500.0
69,11,1,20250129,5,27,4000.0
3,12,2,20251127,14,9,5000.0
104,4,1,20250627,114,18,3000.0
248,19,1,20251120,91,15,2500.0
63,6,1,20250429,35,11,5000.0
149,10,2,20250609,14,13,3000.0
163,18,3,20250606,11,31,5000.0
108,18,3,20250716,52,26,5000.0
118,14,4,20250526,0,30,4500.0
240,16,1,20250207,7,30,3000.0
259,11,1,20251015,58,27,4000.0
100,9,4,20250410,12,15,3500.0
110,19,4,20250208,27,13,2500.0
97,18,3,20250710,19,10,5000.0
208,11,1,20251006,4,14,4000.0
17,10,2,20251111,5,16,3000.0
138,5,5,20250912,14,11,4000.0
293,9,4,20250324,73,31,3500.0
117,10,5,20250502,9,26,3000.0
225,13,3,20250103,97,11,2500.0
21,7,2,20250724,0,9,2500.0
280,14,4,20250725,4,28,4500.0
55,9,4,20250130,146,10,3500.0
249,8,3,20251128,132,12,4500.0
206,3,3,20250104,44,14,3500.0
271,7,4,20250225,13,24,2500.0
61,11,1,20251021,26,11,4000.0
278,20,5,20250628,22,12,4500.0
27,18,3,20250408,60,35,5000.0
102,17,2,20251208,2,21,4000.0
160,17,2,20250326,21,35,4000.0
235,17,2,20250408,36,18,4000.0
23,15,5,20250902,31,28,3500.0
262,5,5,20250801,16,31,4000.0
146,12,2,20250515,7,21,5000.0
195,11,1,20250818,4,12,4000.0
78,1,1,20250306,45,14,2500.0
235,13,5,20250814,47,22,2500.0
200,5,5,20251223,29,19,4000.0
87,11,1,20250322,27,23,4000.0
274,18,3,20251003,37,32,5000.0
170,20,5,20250605,95,29,4500.0
107,12,2,20250225,1,12,5000.0
33,10,2,20251231,15,28,3000.0
118,11,1,20251020,27,14,4000.0
77,6,1,20250711,10,25,5000.0
197,3,3,20250226,3,35,3500.0
46,15,5,20250129,52,32,3500.0
221,10,2,20251018,14,33,3000.0
111,16,3,20250523,26,17,3000.0
167,2,2,20250912,32,28,4500.0
189,15,5,20250927,8,9,3500.0
188,14,4,20250917,57,12,4500.0
100,20,5,20250301,39,30,4500.0
130,6,1,20250210,51,33,5000.0
37,12,2,20251112,77,32,5000.0
270,17,2,20250203,109,31,4000.0
185,7,2,20251108,23,11,2500.0
279,18,3,20250924,17,33,5000.0
249,8,3,20250711,3,26,4500.0
23,14,4,20250506,5,25,4500.0
123,9,4,20250505,15,20,3500.0
110,6,1,20250326,28,15,5000.0
157,10,2,20250818,37,27,3000.0
158,17,2,20251011,32,21,4000.0
202,6,1,20250718,28,23,5000.0
110,12,2,20250723,63,13,5000.0
168,14,4,20250609,5,33,4500.0
253,6,1,20250102,2,24,5000.0
165,10,2,20250325,30,26,3000.0
236,12,2,20251022,27,30,5000.0
134,9,4,20250416,79,13,3500.0
153,4,1,20251204,89,27,3000.0
245,11,1,20251017,60,14,4000.0
16,2,2,20250711,33,12,4500.0
63,14,4,20251212,28,26,4500.0
135,11,1,20250604,51,23,4000.0
179,19,1,20250717,16,15,2500.0
72,17,2,20251015,87,18,4000.0
81,1,3,20250628,55,17,2500.0
166,19,1,20250919,15,31,2500.0
25,3,3,20250213,19,25,3500.0
45,6,1,20250111,22,11,5000.0
138,1,3,20250626,4,21,2500.0
287,11,1,20250224,59,18,4000.0
276,12,2,20250610,15,9,5000.0
117,4,4,20251104,20,12,3000.0
210,10,5,20250429,25,11,3000.0
19,10,5,20250726,32,12,3000.0
264,15,5,20250422,13,32,3500.0
144,2,2,20250127,28,26,4500.0
193,10,2,20251021,22,14,3000.0
82,3,3,20250930,50,19,3500.0
89,11,1,20250417,15,27,4000.0
225,7,2,20250704,3,10,2500.0
202,19,4,20250604,40,21,2500.0
256,11,1,20250324,9,34,4000.0
172,14,4,20250806,29,22,4500.0
181,5,5,20250222,17,30,4000.0
189,15,5,20251018,14,11,3500.0
170,3,3,20250214,1,24,3500.0
66,10,5,20250610,35,11,3000.0
225,4,1,20250220,10,9,3000.0
88,17,2,20250618,26,16,4000.0
143,7,4,20250717,26,19,2500.0
157,13,3,20250315,14,23,2500.0
225,4,4,20250226,80,23,3000.0
185,19,1,20250214,40,32,2500.0
80,9,4,20250715,9,14,3500.0
101,7,2,20250203,26,23,2500.0
295,16,3,20250624,4,12,3000.0
167,5,5,20250419,14,26,4000.0
188,9,4,20250528,37,27,3500.0
15,14,4,20250107,141,12,4500.0
125,8,3,20250708,7,18,4500.0
194,13,5,20251208,23,18,2500.0
282,9,4,20250102,103,35,3500.0
240,15,5,20250611,55,27,3500.0
182,7,4,20250228,28,26,2500.0
235,14,4,20251217,10,31,4500.0
252,14,4,20250624,70,30,4500.0
157,10,5,20250328,70,25,3000.0
4,14,4,20250204,32,30,4500.0
255,10,5,20250313,74,20,3000.0
164,8,3,20250317,20,14,4500.0
62,1,1,20251203,7,21,2500.0
82,17,2,20250307,55,20,4000.0
255,3,3,20250320,22,11,3500.0
69,11,1,20251018,12,9,4000.0
57,18,3,20250625,14,29,5000.0
169,17,2,20251225,86,25,4000.0
233,15,5,20250814,62,9,3500.0
215,2,2,20251225,15,12,4500.0
17,10,5,20250809,44,22,3000.0
269,20,5,20250905,67,34,4500.0
83,2,2,20250628,180,9,4500.0
31,3,3,20250806,11,9,3500.0
288,10,2,20250711,9,31,3000.0
145,15,5,20250206,29,20,3500.0
225,4,1,20251106,4,25,3000.0
165,16,1,20250203,39,27,3000.0
107,12,2,20250826,11,30,5000.0
91,14,4,20250710,42,18,4500.0
43,19,1,20251108,33,27,2500.0
135,17,2,20251016,9,16,4000.0
271,4,1,20250319,22,8,3000.0
125,12,2,20250331,1,32,5000.0
20,17,2,20250901,8,8,4000.0
285,12,2,20250201,6,20,5000.0
189,16,3,20250218,9,23,3000.0
84,11,1,20250707,19,8,4000.0
201,14,4,20250328,25,21,4500.0
36,1,3,20250524,21,22,2500.0
194,14,4,20250514,7,15,4500.0
49,14,4,20251020,132,29,4500.0
267,19,1,20250408,36,33,2500.0
260,12,2,20250325,39,23,5000.0
300,5,5,20251218,4,29,4000.0
244,7,4,20250409,4,21,2500.0
88,18,3,20250110,111,25,5000.0
22,18,3,20250807,21,25,5000.0
133,2,2,20250404,30,9,4500.0
104,16,1,20250905,114,34,3000.0
210,7,4,20250508,41,28,2500.0
114,7,4,20251106,19,18,2500.0
72,7,4,20250312,29,8,2500.0
114,2,2,20250110,97,9,4500.0
250,3,3,20250913,13,16,3500.0
185,7,2,20250328,1,17,2500.0
271,4,4,20250612,20,31,3000.0
292,2,2,20251208,88,15,4500.0
107,20,5,20250219,14,22,4500.0
40,5,5,20250402,11,15,4000.0
229,16,1,20251125,93,20,3000.0
53,13,3,20250313,13,9,2500.0
152,14,4,20250116,15,28,4500.0
230,20,5,20250203,0,31,4500.0
66,4,1,20250705,43,30,3000.0
25,2,2,20250219,46,14,4500.0
79,10,5,20250813,32,27,3000.0
28,9,4,20250403,19,9,3500.0
224,12,2,20251107,9,25,5000.0
173,2,2,20250520,22,35,4500.0
175,6,1,20250828,83,19,5000.0
252,12,2,20250129,7,25,5000.0
242,19,4,20251231,3,20,2500.0
220,1,1,20250806,132,34,2500.0
96,7,4,20250301,28,10,2500.0
247,18,3,20250113,51,8,5000.0
244,13,3,20250611,55,20,2500.0
252,11,1,20250208,76,17,4000.0
299,7,2,20251227,38,15,2500.0
118,19,4,20250226,43,15,2500.0
34,18,3,20250404,23,27,5000.0
231,17,2,20250718,35,12,4000.0
101,7,2,20250228,39,34,2500.0
49,1,1,20251107,37,8,2500.0
189,1,3,20250321,28,29,2500.0
114,14,4,20250924,52,24,4500.0
188,12,2,20250516,82,31,5000.0
210,3,3,20251216,5,20,3500.0
257,2,2,20250130,6,11,4500.0
100,1,3,20251119,2,31,2500.0
54,7,4,20250317,9,19,2500.0
191,12,2,20250625,24,18,5000.0
134,12,2,20251007,41,23,5000.0
48,10,5,20250329,11,30,3000.0
297,16,3,20250905,29,25,3000.0
131,20,5,20250328,35,35,4500.0
200,6,1,20250816,11,10,5000.0
218,13,5,20250307,5,18,2500.0
87,19,1,20250628,34,25,2500.0
68,1,1,20251030,22,9,2500.0
124,19,4,20250823,12,33,2500.0
92,10,2,20250917,8,9,3000.0
241,15,5,20251014,35,25,3500.0
100,9,4,20250912,1,25,3500.0
235,6,1,20250130,19,8,5000.0
93,5,5,20250927,56,22,4000.0
63,3,3,20251121,13,27,3500.0
142,16,3,20250909,2,11,3000.0
22,13,3,20251020,4,31,2500.0
300,19,1,20250310,21,24,2500.0
155,17,2,20250714,0,23,4000.0
160,11,1,20250510,28,23,4000.0
276,7,4,20251020,13,29,2500.0
75,16,1,20250822,180,35,3000.0
127,5,5,20250913,41,17,4000.0
166,14,4,20250401,52,17,4500.0
236,19,4,20251106,28,31,2500.0
264,4,4,20250625,84,16,3000.0
16,12,2,20251129,7,31,5000.0
99,12,2,20250307,0,17,5000.0
234,2,2,20250801,40,22,4500.0
227,15,5,20251218,66,30,3500.0
46,4,4,20250407,9,27,3000.0
118,17,2,20250605,9,24,4000.0
114,5,5,20250326,8,34,4000.0
179,17,2,20250526,170,24,4000.0
129,4,4,20251216,5,28,3000.0
96,15,5,20250311,0,30,3500.0
69,11,1,20250813,20,29,4000.0
62,3,3,20250925,6,19,3500.0
39,3,3,20250522,9,24,3500.0
264,4,1,20250716,60,16,3000.0
86,14,4,20250801,60,21,4500.0
216,9,4,20250213,12,19,3500.0
154,18,3,20251223,28,29,5000.0
121,14,4,20250501,31,29,4500.0
166,7,4,20251016,20,30,2500.0
220,17,2,20250114,58,16,4000.0
187,4,1,20250812,6,23,3000.0
191,13,5,20250812,34,26,2500.0
153,16,1,20250212,16,28,3000.0
244,2,2,20250519,39,8,4500.0
42,2,2,20250814,11,30,4500.0
182,19,1,20250905,53,18,2500.0
41,5,5,20250329,3,17,4000.0
260,7,2,20250709,12,34,2500.0
123,12,2,20250210,156,12,5000.0
192,8,3,20250207,10,22,4500.0
119,9,4,20250911,24,13,3500.0
62,4,4,20251112,15,25,3000.0
185,12,2,20250501,2,29,5000.0
266,16,3,20250110,41,29,3000.0
236,14,4,20250425,32,29,4500.0
75,7,2,20250607,50,32,2500.0
266,10,5,20250531,80,9,3000.0
257,13,3,20250723,31,12,2500.0
76,18,3,20250918,56,34,5000.0
58,1,3,20250624,7,19,2500.0
235,11,1,20250627,111,26,4000.0
46,16,1,20250402,51,17,3000.0
286,15,5,20250124,12,22,3500.0
65,13,3,20250814,25,15,2500.0
257,6,1,20251126,17,30,5000.0
241,11,1,20251224,5,14,4000.0
272,5,5,20250712,56,10,4000.0
16,15,5,20250508,106,11,3500.0
133,18,3,20251031,20,23,5000.0
32,1,1,20250414,60,21,2500.0
133,17,2,20250930,25,11,4000.0
78,12,2,20250205,37,11,5000.0
189,4,4,20250725,7,28,3000.0
187,16,1,20250110,39,20,3000.0
114,3,3,20250719,18,12,3500.0
267,10,2,20250925,39,15,3000.0
233,13,5,20250328,13,32,2500.0
7,6,1,20250926,32,27,5000.0
230,11,1,20250624,74,27,4000.0
281,5,5,20251010,31,23,4000.0
149,10,2,20250314,28,23,3000.0
55,6,1,20250619,3,17,5000.0
132,19,4,20251206,32,15,2500.0
298,1,3,20250712,15,17,2500.0
32,2,2,20250318,18,31,4500.0
253,7,2,20251031,31,11,2500.0
75,16,1,20251008,154,31,3000.0
227,9,4,20251129,32,13,3500.0
69,8,3,20250318,5,10,4500.0
189,4,4,20250212,4,18,3000.0
173,19,4,20250726,56,27,2500.0
15,15,5,20251101,31,11,3500.0
11,16,3,20250114,24,19,3000.0
93,14,4,20250118,141,14,4500.0
73,13,5,20250129,13,13,2500.0
83,12,2,20250110,15,33,5000.0
197,15,5,20250915,85,28,3500.0
256,6,1,20251007,48,11,5000.0
260,17,2,20251220,65,20,4000.0
176,9,4,20250719,48,34,3500.0
265,8,3,20250415,48,29,4500.0
98,17,2,20250901,27,21,4000.0
274,13,3,20250101,5,13,2500.0
226,20,5,20250819,73,15,4500.0
240,13,5,20250224,1,15,2500.0
217,6,1,20250324,64,8,5000.0
243,17,2,20250207,42,23,4000.0
293,18,3,20250219,5,22,5000.0
234,20,5,20250711,44,25,4500.0
108,6,1,20251205,80,27,5000.0
119,1,1,20251120,1,29,2500.0
273,15,5,20251020,33,23,3500.0
166,20,5,20250531,12,21,4500.0
193,16,1,20251215,16,24,3000.0
79,10,2,20251006,35,18,3000.0
247,15,5,20250614,15,13,3500.0
41,17,2,20250515,9,25,4000.0
55,3,3,20251117,22,24,3500.0
185,8,3,20250904,50,34,4500.0
135,8,3,20250903,49,14,4500.0
60,13,3,20250807,14,34,2500.0
111,16,1,20251004,21,20,3000.0
76,17,2,20250717,41,13,4000.0
257,14,4,20251020,16,24,4500.0
179,17,2,20250529,24,9,4000.0
109,18,3,20250103,7,22,5000.0
74,12,2,20250311,11,34,5000.0
292,7,4,20250402,2,25,2500.0
246,4,4,20250712,15,25,3000.0
11,10,5,20250121,57,32,3000.0
148,9,4,20251205,55,35,3500.0
96,13,5,20250128,34,29,2500.0
275,12,2,20250927,20,14,5000.0
212,3,3,20250702,3,22,3500.0
246,16,3,20250616,3,21,3000.0
75,10,2,20251120,93,32,3000.0
73,20,5,20250512,17,10,4500.0
162,14,4,20250619,0,16,4500.0
189,16,3,20251118,48,25,3000.0
258,6,1,20250801,3,33,5000.0
168,8,3,20251106,0,29,4500.0
159,2,2,20251122,56,16,4500.0
191,18,3,20250625,33,26,5000.0
171,12,2,20250124,21,27,5000.0
5,12,2,20250929,16,21,5000.0
102,3,3,20250422,74,35,3500.0
236,13,5,20250421,29,16,2500.0
211,13,5,20251212,21,26,2500.0
128,5,5,20250415,13,8,4000.0
252,13,3,20250208,32,14,2500.0
221,4,4,20250806,16,27,3000.0
47,12,2,20250811,16,21,5000.0
90,3,3,20250403,18,17,3500.0
259,12,2,20251003,11,15,5000.0
230,17,2,20250616,15,29,4000.0
140,18,3,20250606,6,17,5000.0
32,14,4,20250423,32,16,4500.0
68,1,1,20250322,42,25,2500.0
267,16,3,20251226,39,19,3000.0
110,8,3,20250823,31,21,4500.0
44,2,2,20250121,118,16,4500.0
249,18,3,20250717,12,29,5000.0
269,19,1,20251128,76,11,2500.0
146,18,3,20251121,12,19,5000.0
101,9,4,20250315,20,8,3500.0
104,10,5,20250331,74,28,3000.0
198,9,4,20251122,46,19,3500.0
27,7,2,20251121,21,34,2500.0
63,17,2,20250929,43,10,4000.0
10,14,4,20251125,22,32,4500.0
194,11,1,20250912,39,14,4000.0
247,7,2,20251218,32,9,2500.0
247,14,4,20250120,33,23,4500.0
105,4,4,20250304,34,34,3000.0
55,8,3,20251118,18,8,4500.0
293,1,3,20250111,8,16,2500.0
238,20,5,20250510,42,24,4500.0
16,11,1,20250116,22,32,4000.0
269,8,3,20250130,43,18,4500.0
146,8,3,20250916,2,21,4500.0
270,2,2,20250905,68,34,4500.0
27,12,2,20250421,25,24,5000.0
204,9,4,20250414,56,18,3500.0
33,16,3,20250502,0,24,3000.0
246,16,1,20250912,51,29,3000.0
52,10,2,20250919,10,32,3000.0
190,6,1,20250201,10,12,5000.0
87,2,2,20251121,5,31,4500.0
105,16,3,20250121,0,34,3000.0
219,12,2,20251028,33,11,5000.0
134,15,5,20251127,45,9,3500.0
154,20,5,20250405,23,19,4500.0
241,9,4,20250410,10,25,3500.0
179,2,2,20250904,0,22,4500.0
214,8,3,20251127,4,24,4500.0
181,1,3,20251022,18,17,2500.0
147,8,3,20250714,3,23,4500.0
216,14,4,20250807,0,19,4500.0
259,11,1,20250419,32,12,4000.0
116,2,2,20250715,145,35,4500.0
209,3,3,20250926,63,33,3500.0
64,9,4,20251230,29,34,3500.0
38,1,1,20251110,28,21,2500.0
68,13,3,20250604,55,19,2500.0
265,2,2,20251125,19,16,4500.0
83,11,1,20250218,3,34,4000.0
117,10,2,20250520,46,10,3000.0
119,7,2,20251226,20,34,2500.0
293,7,4,20250419,20,35,2500.0
39,12,2,20250905,72,34,5000.0
71,19,1,20250807,27,22,2500.0
261,17,2,20250205,3,34,4000.0
184,15,5,20250906,13,30,3500.0
165,10,2,20250110,66,14,3000.0
222,13,3,20251201,54,15,2500.0
153,16,1,20250820,76,25,3000.0
40,1,1,20251003,49,9,2500.0
223,12,2,20250220,40,17,5000.0
106,14,4,20251218,15,33,4500.0
209,8,3,20250510,5,10,4500.0
241,20,5,20250905,19,23,4500.0
34,6,1,20250917,17,19,5000.0
42,14,4,20250829,50,17,4500.0
54,15,5,20250509,36,16,3500.0
78,17,2,20250916,24,9,4000.0
205,15,5,20250129,15,24,3500.0
290,2,2,20250115,2,25,4500.0
160,8,3,20250809,34,33,4500.0
24,15,5,20251021,14,12,3500.0
246,7,2,20250424,30,22,2500.0
129,16,1,20250312,33,27,3000.0
175,11,1,20251204,8,20,4000.0
292,17,2,20251114,17,14,4000.0
191,20,5,20250920,5,29,4500.0
137,8,3,20250716,4,28,4500.0
207,12,2,20250628,16,9,5000.0
178,9,4,20250208,26,30,3500.0
118,17,2,20250627,115,15,4000.0
58,13,3,20251029,46,27,2500.0
153,4,1,20250630,19,17,3000.0
288,15,5,20250212,63,32,3500.0
283,9,4,20250315,19,21,3500.0
257,15,5,20250804,29,14,3500.0
267,4,4,20250807,82,28,3000.0
123,11,1,20251018,73,15,4000.0
12,2,2,20250828,24,35,4500.0
229,16,3,20250404,35,9,3000.0
42,20,5,20250412,46,11,4500.0
19,4,1,20250122,43,24,3000.0
164,9,4,20250610,21,18,3500.0
116,8,3,20250408,9,29,4500.0
269,15,5,20250612,99,23,3500.0
265,11,1,20250707,17,28,4000.0
193,10,5,20250421,9,34,3000.0
107,7,2,20251209,1,13,2500.0
138,9,4,20250224,0,31,3500.0
215,20,5,20251125,132,25,4500.0
33,16,1,20250426,25,14,3000.0
256,19,4,20250603,18,11,2500.0
179,3,3,20251119,47,27,3500.0
163,12,2,20251218,24,12,5000.0
79,4,4,20250128,2,9,3000.0
87,17,2,20251014,11,22,4000.0
84,3,3,20251031,13,32,3500.0
114,5,5,20250906,9,12,4000.0
27,6,1,20250512,52,23,5000.0
253,17,2,20251225,36,8,4000.0
82,1,3,20250513,26,29,2500.0
46,10,5,20250123,32,30,3000.0
262,18,3,20250312,41,31,5000.0
47,8,3,20250618,23,14,4500.0
149,16,1,20251206,2,35,3000.0
290,18,3,20250802,38,13,5000.0
293,14,4,20250703,92,30,4500.0
260,17,2,20251202,46,28,4000.0
108,11,1,20251125,8,9,4000.0
204,18,3,20250507,61,26,5000.0
198,12,2,20250916,108,19,5000.0
212,14,4,20250828,60,19,4500.0
291,8,3,20250902,2,14,4500.0
222,9,4,20250415,79,27,3500.0
272,13,5,20250514,86,30,2500.0
200,14,4,20250610,19,11,4500.0
121,8,3,20250822,52,8,4500.0
225,15,5,20250906,12,18,3500.0
250,2,2,20251121,4,32,4500.0
7,14,4,20251008,9,12,4500.0
235,6,1,20251213,15,26,5000.0
285,17,2,20251226,6,9,4000.0
180,14,4,20250318,2,29,4500.0
129,19,4,20250130,23,24,2500.0
32,15,5,20251118,33,23,3500.0
66,10,2,20250514,11,24,3000.0
180,3,3,20251218,94,34,3500.0
266,4,1,20250215,55,14,3000.0
80,15,5,20250820,10,30,3500.0
64,10,2,20250517,26,12,3000.0
91,19,4,20250531,37,18,2500.0
239,15,5,20251113,1,22,3500.0
275,20,5,20250405,42,35,4500.0
28,9,4,20250424,9,22,3500.0
88,5,5,20250701,19,31,4000.0
140,12,2,20250520,1,24,5000.0
51,13,5,20250328,11,32,2500.0
193,4,1,20250915,0,20,3000.0
101,17,2,20251203,62,8,4000.0
71,18,3,20250519,64,21,5000.0
127,20,5,20250531,79,21,4500.0
129,4,1,20250602,53,18,3000.0
102,6,1,20250319,15,29,5000.0
243,17,2,20250301,38,35,4000.0
202,3,3,20250503,22,35,3500.0
120,2,2,20250507,23,31,4500.0
6,19,1,20251021,39,35,2500.0
179,6,1,20251203,5,9,5000.0
235,8,3,20250828,75,19,4500.0
90,16,1,20250507,3,12,3000.0
54,1,1,20251211,17,8,2500.0
146,1,3,20251119,35,30,2500.0
13,14,4,20250103,76,27,4500.0
187,16,1,20250728,24,8,3000.0
264,16,1,20250606,0,25,3000.0
273,10,5,20250421,19,8,3000.0
39,13,5,20250707,91,31,2500.0
298,10,5,20250729,13,17,3000.0
197,17,2,20250707,33,24,4000.0
189,9,4,20250522,27,8,3500.0
15,11,1,20251216,56,31,4000.0
55,3,3,20250214,35,31,3500.0
187,16,1,20250905,18,17,3000.0
139,8,3,20250606,47,8,4500.0
274,13,3,20250702,5,24,2500.0
132,9,4,20250825,25,23,3500.0
113,15,5,20250919,88,13,3500.0
21,5,5,20250319,0,18,4000.0
219,14,4,20250527,34,27,4500.0
226,15,5,20250714,20,14,3500.0
133,1,1,20250331,8,33,2500.0
52,4,4,20250708,13,23,3000.0
127,12,2,20250913,7,16,5000.0
141,9,4,20250523,5,31,3500.0
25,7,2,20250729,32,32,2500.0
192,12,2,20251110,0,26,5000.0
38,19,1,20250331,55,16,2500.0
48,10,5,20250315,75,28,3000.0
129,13,5,20250110,54,26,2500.0
207,11,1,20251010,3,12,4000.0
43,18,3,20250403,24,35,5000.0
246,4,4,20250217,77,32,3000.0
207,8,3,20250927,31,11,4500.0
108,17,2,20250318,4,11,4000.0
80,15,5,20251006,3,10,3500.0
197,8,3,20250328,33,19,4500.0
280,18,3,20251118,10,33,5000.0
208,18,3,20250403,12,29,5000.0
199,1,1,20250918,24,29,2500.0
100,20,5,20250331,22,28,4500.0
254,19,4,20250903,24,18,2500.0
57,20,5,20250826,19,21,4500.0
53,12,2,20250917,7,19,5000.0
48,3,3,20251222,7,29,3500.0
225,16,3,20250416,1,23,3000.0
299,6,1,20250407,18,34,5000.0
258,3,3,20250722,24,24,3500.0
213,18,3,20250430,9,16,5000.0
16,20,5,20250528,0,33,4500.0
193,4,1,20250123,45,12,3000.0
28,7,4,20250429,6,16,2500.0
79,10,5,20251114,40,20,3000.0
218,7,4,20250221,47,11,2500.0
1,18,3,20250725,22,19,5000.0
3,20,5,20250505,14,34,4500.0
79,4,4,20250510,75,25,3000.0
126,5,5,20250619,0,18,4000.0
271,10,5,20250505,15,14,3000.0
34,1,1,20250326,36,20,2500.0
49,7,4,20250811,0,33,2500.0
144,18,3,20250812,53,26,5000.0
276,9,4,20251104,20,33,3500.0
74,2,2,20250807,29,24,4500.0
54,11,1,20251103,20,25,4000.0
73,19,1,20250411,48,18,2500.0
76,5,5,20250219,39,17,4000.0
171,5,5,20250329,10,11,4000.0
53,13,3,20250719,54,32,2500.0
69,5,5,20250818,76,28,4000.0
298,15,5,20251117,96,13,3500.0
106,19,1,20251211,10,25,2500.0
49,8,3,20250708,63,23,4500.0
103,19,4,20250224,56,23,2500.0
157,4,1,20250818,18,25,3000.0
48,15,5,20250927,3,11,3500.0
94,19,1,20250203,16,25,2500.0
21,20,5,20250514,3,35,4500.0
158,5,5,20250429,40,26,4000.0
193,10,2,20250224,37,9,3000.0
266,15,5,20250327,16,28,3500.0
17,4,4,20250204,17,27,3000.0
219,2,2,20250906,153,26,4500.0
293,11,1,20250913,36,13,4000.0
215,9,4,20250602,11,18,3500.0
35,15,5,20250618,13,21,3500.0
210,16,3,20250224,17,34,3000.0
106,17,2,20250507,132,32,4000.0
206,5,5,20250118,14,32,4000.0
51,8,3,20250324,33,31,4500.0
114,9,4,20250221,30,16,3500.0
245,19,4,20251017,43,11,2500.0
104,3,3,20251225,13,14,3500.0
279,11,1,20250905,16,23,4000.0
105,4,4,20251112,27,25,3000.0
49,6,1,20251027,11,22,5000.0
27,13,3,20250319,58,16,2500.0
113,18,3,20251106,32,23,5000.0
18,8,3,20250414,40,19,4500.0
235,9,4,20250327,36,12,3500.0
178,20,5,20250308,13,23,4500.0
233,13,3,20250707,34,12,2500.0
222,19,1,20250127,0,13,2500.0
296,9,4,20250902,3,15,3500.0
149,10,5,20251202,10,24,3000.0
38,8,3,20251222,13,32,4500.0
207,2,2,20250116,2,12,4500.0
156,6,1,20250510,3,18,5000.0
9,15,5,20250120,77,29,3500.0
85,15,5,20250506,15,15,3500.0
127,8,3,20250610,17,29,4500.0
289,20,5,20251110,25,20,4500.0
13,5,5,20250526,27,29,4000.0
24,17,2,20251127,29,32,4000.0
174,2,2,20250922,33,8,4500.0
205,12,2,20250501,38,22,5000.0
290,8,3,20250428,25,22,4500.0
4,5,5,20250618,3,13,4000.0
76,18,3,20250604,1,10,5000.0
264,10,2,20250729,50,9,3000.0
150,16,1,20250901,21,35,3000.0
199,20,5,20250603,16,22,4500.0
120,7,4,20251111,8,21,2500.0
79,16,3,20250913,23,19,3000.0
190,18,3,20250723,1,10,5000.0
185,19,1,20250217,28,34,2500.0
282,8,3,20251218,26,29,4500.0
80,5,5,20251211,108,22,4000.0
148,20,5,20250531,59,29,4500.0
146,14,4,20250212,36,17,4500.0
257,5,5,20250208,6,13,4000.0
201,14,4,20250705,11,35,4500.0
46,10,5,20250129,28,30,3000.0
25,12,2,20250301,19,17,5000.0
188,9,4,20250926,1,13,3500.0
102,13,5,20250805,180,35,2500.0
191,1,1,20250520,27,32,2500.0
229,15,5,20250825,23,31,3500.0
125,12,2,20250616,2,11,5000.0
48,10,2,20251113,17,20,3000.0
